DATE,Richard Robinson Rick
2012-01-01,1.0
2012-01-02,22.0
2012-01-03,0.5
2012-01-04,11.5
2012-01-05,21.0
2012-01-06,5.5
2012-01-07,2.0
2012-01-08,2.5
2012-01-09,0.0
2012-01-10,0.5
2012-01-11,2.5
2012-01-12,0.0
2012-01-13,6.5
2012-01-14,1.0
2012-01-15,2.0
2012-01-16,5.0
2012-01-17,42.5
2012-01-18,1.5
2012-01-19,6.5
2012-01-20,4.5
2012-01-21,1.0
2012-01-22,0.5
2012-01-23,0.0
2012-01-24,0.5
2012-01-25,0.0
2012-01-26,1.5
2012-01-27,0.5
2012-01-28,0.0
2012-01-29,0.5
2012-01-30,4.5
2012-01-31,1.5
2012-02-01,0.0
2012-02-02,13.0
2012-02-03,2.5
2012-02-04,3.0
2012-02-05,0.5
2012-02-06,4.0
2012-02-07,0.0
2012-02-08,5.5
2012-02-09,41.5
2012-02-10,0.0
2012-02-11,6.0
2012-02-12,5.5
2012-02-13,15.0
2012-02-14,0.5
2012-02-15,0.0
2012-02-16,0.0
2012-02-17,33.5
2012-02-18,10.5
2012-02-19,0.0
2012-02-20,0.0
2012-02-21,21.0
2012-02-22,2.5
2012-02-23,0.0
2012-02-24,0.5
2012-02-25,0.0
2012-02-26,63.5
2012-02-27,48.5
2012-02-28,0.5
2012-02-29,10.0
2012-03-01,11.5
2012-03-02,1.5
2012-03-03,15.0
2012-03-04,0.5
2012-03-05,51.0
2012-03-06,3.5
2012-03-07,1.0
2012-03-08,22.0
2012-03-09,2.0
2012-03-10,2.5
2012-03-11,0.5
2012-03-12,0.0
2012-03-13,0.0
2012-03-14,0.0
2012-03-15,0.0
2012-03-16,0.0
2012-03-17,0.0
2012-03-18,1.5
2012-03-19,0.0
2012-03-20,0.0
2012-03-21,1.5
2012-03-22,0.0
2012-03-23,0.0
2012-03-24,0.0
2012-03-25,18.5
2012-03-26,9.0
2012-03-27,2.5
2012-03-28,39.0
2012-03-29,13.5
2012-03-30,7.0
2012-03-31,1.5
2012-04-01,0.0
2012-04-02,6.0
2012-04-03,11.0
2012-04-04,5.5
2012-04-05,0.0
2012-04-06,49.5
2012-04-07,8.0
2012-04-08,0.0
2012-04-09,33.5
2012-04-10,5.5
2012-04-11,0.0
2012-04-12,26.0
2012-04-13,0.0
2012-04-14,0.0
2012-04-15,0.0
2012-04-16,0.0
2012-04-17,0.0
2012-04-18,0.0
2012-04-19,5.0
2012-04-20,0.0
2012-04-21,0.5
2012-04-22,0.0
2012-04-23,0.0
2012-04-24,0.0
2012-04-25,0.0
2012-04-26,0.0
2012-04-27,0.5
2012-04-28,0.0
2012-04-29,15.0
2012-04-30,0.0
2012-05-01,11.0
2012-05-02,0.0
2012-05-03,0.0
2012-05-04,0.0
2012-05-05,0.0
2012-05-06,0.0
2012-05-07,0.0
2012-05-08,4.0
2012-05-09,5.0
2012-05-10,0.0
2012-05-11,0.0
2012-05-12,0.0
2012-05-13,0.0
2012-05-14,2.0
2012-05-15,40.0
2012-05-16,6.0
2012-05-17,6.5
2012-05-18,0.0
2012-05-19,11.0
2012-05-20,0.0
2012-05-21,10.0
2012-05-22,0.0
2012-05-23,0.0
2012-05-24,0.0
2012-05-25,0.0
2012-05-26,0.0
2012-05-27,0.0
2012-05-28,0.0
2012-05-29,0.0
2012-05-30,3.0
2012-05-31,0.0
2012-06-01,20.5
2012-06-02,6.0
2012-06-03,0.5
2012-06-04,0.0
2012-06-05,0.0
2012-06-06,0.0
2012-06-07,8.5
2012-06-08,0.0
2012-06-09,1.0
2012-06-10,3.5
2012-06-11,0.0
2012-06-12,0.0
2012-06-13,0.0
2012-06-14,0.0
2012-06-15,0.0
2012-06-16,0.0
2012-06-17,0.0
2012-06-18,0.0
2012-06-19,0.0
2012-06-20,0.0
2012-06-21,0.0
2012-06-22,0.0
2012-06-23,0.0
2012-06-24,0.0
2012-06-25,0.0
2012-06-26,0.0
2012-06-27,0.0
2012-06-28,0.0
2012-06-29,0.0
2012-06-30,0.0
2012-07-01,0.0
2012-07-02,0.0
2012-07-03,0.0
2012-07-04,0.0
2012-07-05,0.0
2012-07-06,0.0
2012-07-07,0.0
2012-07-08,0.0
2012-07-09,0.0
2012-07-10,0.0
2012-07-11,0.0
2012-07-12,0.0
2012-07-13,0.0
2012-07-14,0.0
2012-07-15,0.0
2012-07-16,0.0
2012-07-17,0.0
2012-07-18,0.0
2012-07-19,0.0
2012-07-20,0.0
2012-07-21,0.0
2012-07-22,0.0
2012-07-23,0.0
2012-07-24,0.0
2012-07-25,0.0
2012-07-26,0.0
2012-07-27,0.0
2012-07-28,0.0
2012-07-29,0.0
2012-07-30,0.0
2012-07-31,0.0
2012-08-01,0.0
2012-08-02,0.0
2012-08-03,0.0
2012-08-04,0.0
2012-08-05,0.0
2012-08-06,0.0
2012-08-07,0.0
2012-08-08,0.0
2012-08-09,0.0
2012-08-10,0.0
2012-08-11,0.0
2012-08-12,0.0
2012-08-13,0.0
2012-08-14,0.0
2012-08-15,0.0
2012-08-16,0.0
2012-08-17,0.0
2012-08-18,0.0
2012-08-19,0.0
2012-08-20,0.0
2012-08-21,0.0
2012-08-22,0.0
2012-08-23,0.0
2012-08-24,0.0
2012-08-25,0.0
2012-08-26,0.0
2012-08-27,0.0
2012-08-28,0.0
2012-08-29,0.0
2012-08-30,0.0
2012-08-31,0.0
2012-09-01,0.0
2012-09-02,0.0
2012-09-03,0.0
2012-09-04,0.0
2012-09-05,0.0
2012-09-06,0.0
2012-09-07,0.5
2012-09-08,0.0
2012-09-09,0.0
2012-09-10,0.0
2012-09-11,0.0
2012-09-12,0.0
2012-09-13,0.0
2012-09-14,0.0
2012-09-15,0.0
2012-09-16,0.0
2012-09-17,0.0
2012-09-18,0.0
2012-09-19,0.0
2012-09-20,0.0
2012-09-21,0.0
2012-09-22,0.0
2012-09-23,0.0
2012-09-24,0.0
2012-09-25,0.0
2012-09-26,0.0
2012-09-27,0.0
2012-09-28,24.5
2012-09-29,0.0
2012-09-30,0.0
2012-10-01,0.0
2012-10-02,0.0
2012-10-03,0.0
2012-10-04,0.0
2012-10-05,0.0
2012-10-06,5.0
2012-10-07,0.0
2012-10-08,0.0
2012-10-09,0.0
2012-10-10,0.0
2012-10-11,0.0
2012-10-12,0.0
2012-10-13,0.0
2012-10-14,0.0
2012-10-15,0.0
2012-10-16,20.0
2012-10-17,0.0
2012-10-18,0.5
2012-10-19,2.0
2012-10-20,6.0
2012-10-21,0.0
2012-10-22,0.0
2012-10-23,0.0
2012-10-24,0.0
2012-10-25,0.0
2012-10-26,0.0
2012-10-27,14.0
2012-10-28,0.5
2012-10-29,0.0
2012-10-30,0.5
2012-10-31,0.5
2012-11-01,8.0
2012-11-02,0.5
2012-11-03,0.0
2012-11-04,0.0
2012-11-05,0.0
2012-11-06,8.0
2012-11-07,0.0
2012-11-08,0.0
2012-11-09,14.0
2012-11-10,0.0
2012-11-11,0.5
2012-11-12,0.0
2012-11-13,0.0
2012-11-14,0.0
2012-11-15,0.0
2012-11-16,16.0
2012-11-17,0.0
2012-11-18,37.0
2012-11-19,63.0
2012-11-20,29.0
2012-11-21,19.0
2012-11-22,0.0
2012-11-23,27.0
2012-11-24,5.0
2012-11-25,14.5
2012-11-26,1.0
2012-11-27,0.5
2012-11-28,0.0
2012-11-29,0.0
2012-11-30,0.0
2012-12-01,43.5
2012-12-02,10.5
2012-12-03,1.0
2012-12-04,24.0
2012-12-05,29.0
2012-12-06,4.0
2012-12-07,39.5
2012-12-08,0.0
2012-12-09,18.5
2012-12-10,0.0
2012-12-11,39.5
2012-12-12,11.5
2012-12-13,1.0
2012-12-14,34.5
2012-12-15,15.5
2012-12-16,3.5
2012-12-17,10.5
2012-12-18,33.0
2012-12-19,11.5
2012-12-20,24.0
2012-12-21,10.0
2012-12-22,3.0
2012-12-23,36.5
2012-12-24,101.5
2012-12-25,11.5
2012-12-26,23.0
2012-12-27,17.5
2012-12-28,35.5
2012-12-29,2.5
2012-12-30,0.5
2012-12-31,2.0
2013-01-01,11.5
2013-01-02,104.5
2013-01-03,1.5
2013-01-04,21.5
2013-01-05,3.0
2013-01-06,0.0
2013-01-07,2.5
2013-01-08,26.0
2013-01-09,27.0
2013-01-10,3.5
2013-01-11,0.0
2013-01-12,0.0
2013-01-13,0.0
2013-01-14,6.5
2013-01-15,8.5
2013-01-16,29.0
2013-01-17,4.0
2013-01-18,17.5
2013-01-19,26.5
2013-01-20,9.0
2013-01-21,0.5
2013-01-22,0.0
2013-01-23,5.5
2013-01-24,2.5
2013-01-25,0.0
2013-01-26,1.0
2013-01-27,9.5
2013-01-28,7.0
2013-01-29,62.0
2013-01-30,52.0
2013-01-31,4.0
2013-02-01,3.0
2013-02-02,0.0
2013-02-03,0.0
2013-02-04,3.0
2013-02-05,57.5
2013-02-06,34.5
2013-02-07,6.5
2013-02-08,9.0
2013-02-09,0.0
2013-02-10,5.5
2013-02-11,50.0
2013-02-12,1.0
2013-02-13,18.0
2013-02-14,22.5
2013-02-15,24.5
2013-02-16,24.5
2013-02-17,8.5
2013-02-18,0.0
2013-02-19,0.0
2013-02-20,3.5
2013-02-21,0.0
2013-02-22,1.5
2013-02-23,7.0
2013-02-24,0.0
2013-02-25,0.0
2013-02-26,0.0
2013-02-27,0.5
2013-02-28,0.0
2013-03-01,0.0
2013-03-02,1.5
2013-03-03,0.0
2013-03-04,20.0
2013-03-05,4.0
2013-03-06,0.0
2013-03-07,18.0
2013-03-08,23.0
2013-03-09,14.5
2013-03-10,5.0
2013-03-11,30.5
2013-03-12,6.5
2013-03-13,14.0
2013-03-14,5.5
2013-03-15,8.5
2013-03-16,4.0
2013-03-17,23.5
2013-03-18,36.0
2013-03-19,23.0
2013-03-20,12.5
2013-03-21,0.0
2013-03-22,0.5
2013-03-23,0.0
2013-03-24,43.5
2013-03-25,0.0
2013-03-26,7.5
2013-03-27,37.0
2013-03-28,0.0
2013-03-29,1.0
2013-03-30,35.0
2013-03-31,30.0
2013-04-01,28.0
2013-04-02,12.5
2013-04-03,11.0
2013-04-04,63.0
2013-04-05,34.5
2013-04-06,21.0
2013-04-07,33.5
2013-04-08,24.5
2013-04-09,1.5
2013-04-10,0.0
2013-04-11,0.0
2013-04-12,16.5
2013-04-13,14.0
2013-04-14,0.0
2013-04-15,14.0
2013-04-16,48.0
2013-04-17,44.0
2013-04-18,19.0
2013-04-19,63.0
2013-04-20,77.0
2013-04-21,0.0
2013-04-22,40.0
2013-04-23,3.0
2013-04-24,8.0
2013-04-25,2.0
2013-04-26,1.5
2013-04-27,0.0
2013-04-28,0.0
2013-04-29,0.0
2013-04-30,0.0
2013-05-01,0.0
2013-05-02,0.0
2013-05-03,0.0
2013-05-04,0.0
2013-05-05,0.0
2013-05-06,0.0
2013-05-07,15.5
2013-05-08,10.5
2013-05-09,6.0
2013-05-10,25.5
2013-05-11,10.5
2013-05-12,0.0
2013-05-13,0.0
2013-05-14,0.0
2013-05-15,1.5
2013-05-16,0.0
2013-05-17,0.0
2013-05-18,0.5
2013-05-19,7.0
2013-05-20,1.0
2013-05-21,32.0
2013-05-22,0.5
2013-05-23,0.5
2013-05-24,27.0
2013-05-25,58.5
2013-05-26,0.0
2013-05-27,20.0
2013-05-28,0.5
2013-05-29,0.5
2013-05-30,6.0
2013-05-31,0.5
2013-06-01,0.0
2013-06-02,0.0
2013-06-03,0.5
2013-06-04,0.0
2013-06-05,0.0
2013-06-06,0.0
2013-06-07,3.5
2013-06-08,0.0
2013-06-09,44.0
2013-06-10,0.0
2013-06-11,0.0
2013-06-12,33.5
2013-06-13,44.0
2013-06-14,10.0
2013-06-15,0.0
2013-06-16,1.0
2013-06-17,28.5
2013-06-18,9.5
2013-06-19,0.0
2013-06-20,0.0
2013-06-21,0.0
2013-06-22,1.0
2013-06-23,0.0
2013-06-24,0.0
2013-06-25,0.0
2013-06-26,0.0
2013-06-27,2.5
2013-06-28,14.5
2013-06-29,0.0
2013-06-30,1.0
2013-07-01,0.5
2013-07-02,0.0
2013-07-03,0.0
2013-07-04,40.0
2013-07-05,12.5
2013-07-06,0.5
2013-07-07,0.0
2013-07-08,0.0
2013-07-09,0.0
2013-07-10,1.5
2013-07-11,0.0
2013-07-12,1.0
2013-07-13,7.0
2013-07-14,11.0
2013-07-15,0.0
2013-07-16,1.0
2013-07-17,0.0
2013-07-18,0.0
2013-07-19,0.0
2013-07-20,0.0
2013-07-21,0.0
2013-07-22,60.0
2013-07-23,4.0
2013-07-24,2.5
2013-07-25,2.0
2013-07-26,45.5
2013-07-27,0.0
2013-07-28,0.0
2013-07-29,0.0
2013-07-30,0.0
2013-07-31,0.0
2013-08-01,0.0
2013-08-02,2.5
2013-08-03,0.0
2013-08-04,0.0
2013-08-05,0.0
2013-08-06,0.0
2013-08-07,0.0
2013-08-08,0.0
2013-08-09,0.5
2013-08-10,0.5
2013-08-11,0.0
2013-08-12,0.0
2013-08-13,0.0
2013-08-14,0.0
2013-08-15,0.0
2013-08-16,0.0
2013-08-17,0.0
2013-08-18,0.0
2013-08-19,0.0
2013-08-20,0.0
2013-08-21,0.0
2013-08-22,0.0
2013-08-23,0.0
2013-08-24,0.0
2013-08-25,0.0
2013-08-26,0.0
2013-08-27,0.0
2013-08-28,0.0
2013-08-29,0.0
2013-08-30,0.0
2013-08-31,0.0
2013-09-01,0.0
2013-09-02,0.0
2013-09-03,0.0
2013-09-04,0.0
2013-09-05,0.0
2013-09-06,0.0
2013-09-07,0.0
2013-09-08,0.0
2013-09-09,0.0
2013-09-10,0.0
2013-09-11,0.0
2013-09-12,0.0
2013-09-13,0.0
2013-09-14,0.0
2013-09-15,0.0
2013-09-16,0.0
2013-09-17,0.0
2013-09-18,0.0
2013-09-19,0.5
2013-09-20,0.0
2013-09-21,0.0
2013-09-22,0.0
2013-09-23,0.0
2013-09-24,0.0
2013-09-25,0.0
2013-09-26,0.0
2013-09-27,0.0
2013-09-28,0.0
2013-09-29,0.0
2013-09-30,6.5
2013-10-01,0.5
2013-10-02,0.0
2013-10-03,0.0
2013-10-04,0.0
2013-10-05,0.0
2013-10-06,0.0
2013-10-07,0.0
2013-10-08,0.0
2013-10-09,0.0
2013-10-10,0.0
2013-10-11,0.0
2013-10-12,0.0
2013-10-13,0.0
2013-10-14,3.5
2013-10-15,0.0
2013-10-16,0.0
2013-10-17,0.0
2013-10-18,0.0
2013-10-19,0.0
2013-10-20,0.0
2013-10-21,0.0
2013-10-22,0.0
2013-10-23,0.0
2013-10-24,0.0
2013-10-25,0.0
2013-10-26,0.0
2013-10-27,2.0
2013-10-28,0.0
2013-10-29,0.0
2013-10-30,5.5
2013-10-31,4.5
2013-11-01,0.0
2013-11-02,0.0
2013-11-03,1.0
2013-11-04,0.0
2013-11-05,0.0
2013-11-06,0.0
2013-11-07,0.0
2013-11-08,0.0
2013-11-09,14.5
2013-11-10,0.0
2013-11-11,0.0
2013-11-12,10.5
2013-11-13,4.0
2013-11-14,55.5
2013-11-15,30.5
2013-11-16,23.5
2013-11-17,11.0
2013-11-18,5.5
2013-11-19,0.0
2013-11-20,0.0
2013-11-21,0.0
2013-11-22,0.0
2013-11-23,0.0
2013-11-24,0.0
2013-11-25,0.5
2013-11-26,3.5
2013-11-27,10.0
2013-11-28,3.5
2013-11-29,2.0
2013-11-30,18.5
2013-12-01,0.0
2013-12-02,26.0
2013-12-03,5.5
2013-12-04,2.5
2013-12-05,5.5
2013-12-06,1.0
2013-12-07,12.5
2013-12-08,37.5
2013-12-09,2.5
2013-12-10,35.5
2013-12-11,29.0
2013-12-12,11.0
2013-12-13,0.0
2013-12-14,0.0
2013-12-15,12.0
2013-12-16,22.0
2013-12-17,0.0
2013-12-18,0.0
2013-12-19,0.0
2013-12-20,4.0
2013-12-21,33.0
2013-12-22,26.0
2013-12-23,0.0
2013-12-24,0.0
2013-12-25,42.0
2013-12-26,11.0
2013-12-27,0.0
2013-12-28,0.0
2013-12-29,0.0
2013-12-30,15.0
2013-12-31,20.0
2014-01-01,0.0
2014-01-02,0.0
2014-01-03,0.0
2014-01-04,3.5
2014-01-05,10.5
2014-01-06,9.0
2014-01-07,11.0
2014-01-08,6.5
2014-01-09,10.0
2014-01-10,11.0
2014-01-11,10.5
2014-01-12,17.0
2014-01-13,16.0
2014-01-14,2.5
2014-01-15,7.0
2014-01-16,4.0
2014-01-17,5.0
2014-01-18,22.0
2014-01-19,11.5
2014-01-20,10.0
2014-01-21,5.0
2014-01-22,0.0
2014-01-23,3.0
2014-01-24,2.0
2014-01-25,2.5
2014-01-26,5.0
2014-01-27,4.0
2014-01-28,2.5
2014-01-29,2.0
2014-01-30,0.0
2014-01-31,0.0
2014-02-01,0.0
2014-02-02,7.5
2014-02-03,10.0
2014-02-04,0.0
2014-02-05,0.0
2014-02-06,23.5
2014-02-07,0.0
2014-02-08,0.0
2014-02-09,0.0
2014-02-10,0.0
2014-02-11,0.0
2014-02-12,0.0
2014-02-13,0.0
2014-02-14,0.0
2014-02-15,7.0
2014-02-16,25.5
2014-02-17,14.0
2014-02-18,8.0
2014-02-19,7.5
2014-02-20,16.0
2014-02-21,8.5
2014-02-22,11.0
2014-02-23,14.5
2014-02-24,6.0
2014-02-25,7.0
2014-02-26,13.0
2014-02-27,11.0
2014-02-28,6.5
2014-03-01,7.0
2014-03-02,9.5
2014-03-03,10.0
2014-03-04,6.0
2014-03-05,14.0
2014-03-06,15.5
2014-03-07,7.0
2014-03-08,13.0
2014-03-09,15.0
2014-03-10,14.0
2014-03-11,7.0
2014-03-12,10.5
2014-03-13,19.0
2014-03-14,0.0
2014-03-15,12.0
2014-03-16,6.0
2014-03-17,40.0
2014-03-18,21.0
2014-03-19,8.0
2014-03-20,0.0
2014-03-21,0.0
2014-03-22,0.0
2014-03-23,18.0
2014-03-24,17.0
2014-03-25,5.5
2014-03-26,8.0
2014-03-27,6.5
2014-03-28,11.0
2014-03-29,14.0
2014-03-30,4.5
2014-03-31,0.0
2014-04-01,0.0
2014-04-02,0.0
2014-04-03,0.0
2014-04-04,0.0
2014-04-05,4.5
2014-04-06,17.5
2014-04-07,43.5
2014-04-08,0.0
2014-04-09,5.5
2014-04-10,7.5
2014-04-11,3.5
2014-04-12,69.5
2014-04-13,0.0
2014-04-14,17.5
2014-04-15,13.0
2014-04-16,1.0
2014-04-17,78.5
2014-04-18,0.0
2014-04-19,7.0
2014-04-20,24.5
2014-04-21,3.5
2014-04-22,5.5
2014-04-23,6.5
2014-04-24,2.0
2014-04-25,3.5
2014-04-26,39.5
2014-04-27,0.0
2014-04-28,12.0
2014-04-29,0.0
2014-04-30,0.0
2014-05-01,0.0
2014-05-02,0.0
2014-05-03,0.0
2014-05-04,0.0
2014-05-05,0.0
2014-05-06,0.0
2014-05-07,1.0
2014-05-08,2.5
2014-05-09,0.0
2014-05-10,0.0
2014-05-11,0.0
2014-05-12,0.0
2014-05-13,4.5
2014-05-14,0.0
2014-05-15,0.0
2014-05-16,0.0
2014-05-17,0.0
2014-05-18,8.5
2014-05-19,0.0
2014-05-20,0.0
2014-05-21,7.5
2014-05-22,0.0
2014-05-23,0.0
2014-05-24,0.0
2014-05-25,0.0
2014-05-26,6.5
2014-05-27,0.0
2014-05-28,0.0
2014-05-29,0.0
2014-05-30,0.0
2014-05-31,14.5
2014-06-01,0.0
2014-06-02,0.0
2014-06-03,0.0
2014-06-04,0.0
2014-06-05,0.0
2014-06-06,0.0
2014-06-07,0.0
2014-06-08,0.0
2014-06-09,0.0
2014-06-10,0.0
2014-06-11,15.5
2014-06-12,13.5
2014-06-13,0.0
2014-06-14,17.5
2014-06-15,0.0
2014-06-16,0.0
2014-06-17,14.5
2014-06-18,6.5
2014-06-19,125.5
2014-06-20,3.5
2014-06-21,0.0
2014-06-22,0.0
2014-06-23,16.5
2014-06-24,1.5
2014-06-25,0.0
2014-06-26,0.0
2014-06-27,13.0
2014-06-28,0.0
2014-06-29,0.0
2014-06-30,0.0
2014-07-01,0.0
2014-07-02,0.0
2014-07-03,0.0
2014-07-04,0.0
2014-07-05,0.0
2014-07-06,0.0
2014-07-07,0.0
2014-07-08,0.0
2014-07-09,0.0
2014-07-10,0.0
2014-07-11,0.0
2014-07-12,0.0
2014-07-13,0.0
2014-07-14,0.0
2014-07-15,0.0
2014-07-16,0.0
2014-07-17,0.0
2014-07-18,0.0
2014-07-19,0.0
2014-07-20,0.0
2014-07-21,0.0
2014-07-22,0.0
2014-07-23,0.0
2014-07-24,0.0
2014-07-25,0.0
2014-07-26,0.0
2014-07-27,0.0
2014-07-28,0.0
2014-07-29,0.0
2014-07-30,0.0
2014-07-31,0.0
2014-08-01,0.0
2014-08-02,0.0
2014-08-03,0.0
2014-08-04,0.0
2014-08-05,0.0
2014-08-06,0.0
2014-08-07,0.0
2014-08-08,0.0
2014-08-09,0.0
2014-08-10,0.0
2014-08-11,0.0
2014-08-12,0.0
2014-08-13,0.0
2014-08-14,0.0
2014-08-15,0.0
2014-08-16,0.0
2014-08-17,0.0
2014-08-18,0.0
2014-08-19,0.0
2014-08-20,0.0
2014-08-21,0.0
2014-08-22,0.0
2014-08-23,0.0
2014-08-24,0.0
2014-08-25,0.0
2014-08-26,0.0
2014-08-27,0.0
2014-08-28,0.0
2014-08-29,0.0
2014-08-30,0.0
2014-08-31,0.0
2014-09-01,0.0
2014-09-02,0.0
2014-09-03,0.0
2014-09-04,0.0
2014-09-05,0.0
2014-09-06,0.0
2014-09-07,0.0
2014-09-08,0.0
2014-09-09,0.0
2014-09-10,0.0
2014-09-11,0.0
2014-09-12,0.0
2014-09-13,0.0
2014-09-14,0.0
2014-09-15,0.0
2014-09-16,0.0
2014-09-17,0.0
2014-09-18,0.0
2014-09-19,0.0
2014-09-20,0.0
2014-09-21,0.0
2014-09-22,0.0
2014-09-23,0.0
2014-09-24,0.0
2014-09-25,0.0
2014-09-26,0.0
2014-09-27,0.0
2014-09-28,0.0
2014-09-29,0.0
2014-09-30,0.0
2014-10-01,0.0
2014-10-02,0.0
2014-10-03,0.0
2014-10-04,0.0
2014-10-05,0.0
2014-10-06,0.0
2014-10-07,0.0
2014-10-08,0.0
2014-10-09,0.0
2014-10-10,0.0
2014-10-11,0.0
2014-10-12,0.0
2014-10-13,1.0
2014-10-14,15.0
2014-10-15,0.0
2014-10-16,0.0
2014-10-17,0.0
2014-10-18,0.0
2014-10-19,0.0
2014-10-20,0.0
2014-10-21,0.0
2014-10-22,0.0
2014-10-23,0.0
2014-10-24,0.0
2014-10-25,0.0
2014-10-26,0.0
2014-10-27,0.0
2014-10-28,0.0
2014-10-29,42.5
2014-10-30,0.0
2014-10-31,0.0
2014-11-01,0.0
2014-11-02,0.0
2014-11-03,0.0
2014-11-04,0.0
2014-11-05,0.0
2014-11-06,0.0
2014-11-07,0.0
2014-11-08,25.5
2014-11-09,8.0
2014-11-10,0.0
2014-11-11,0.0
2014-11-12,79.0
2014-11-13,21.5
2014-11-14,10.5
2014-11-15,16.0
2014-11-16,0.0
2014-11-17,0.0
2014-11-18,1.0
2014-11-19,15.0
2014-11-20,5.0
2014-11-21,0.0
2014-11-22,18.5
2014-11-23,1.5
2014-11-24,0.0
2014-11-25,0.0
2014-11-26,3.5
2014-11-27,0.0
2014-11-28,0.0
2014-11-29,15.5
2014-11-30,6.5
2014-12-01,0.0
2014-12-02,0.0
2014-12-03,0.0
2014-12-04,117.0
2014-12-05,62.5
2014-12-06,19.5
2014-12-07,5.0
2014-12-08,0.0
2014-12-09,4.5
2014-12-10,18.5
2014-12-11,16.5
2014-12-12,5.5
2014-12-13,62.0
2014-12-14,0.0
2014-12-15,0.0
2014-12-16,8.5
2014-12-17,13.5
2014-12-18,17.5
2014-12-19,126.0
2014-12-20,86.0
2014-12-21,18.5
2014-12-22,63.5
2014-12-23,17.5
2014-12-24,10.5
2014-12-25,30.0
2014-12-26,5.0
2014-12-27,19.0
2014-12-28,99.0
2014-12-29,15.5
2014-12-30,0.0
2014-12-31,0.0
2015-01-01,26.5
2015-01-02,7.5
2015-01-03,1.5
2015-01-04,12.5
2015-01-05,5.0
2015-01-06,0.0
2015-01-07,0.0
2015-01-08,0.0
2015-01-09,0.0
2015-01-10,0.0
2015-01-11,0.0
2015-01-12,0.0
2015-01-13,2.5
2015-01-14,24.0
2015-01-15,2.0
2015-01-16,0.0
2015-01-17,0.0
2015-01-18,0.0
2015-01-19,0.0
2015-01-20,4.0
2015-01-21,80.0
2015-01-22,1.5
2015-01-23,8.0
2015-01-24,23.0
2015-01-25,49.5
2015-01-26,9.0
2015-01-27,0.0
2015-01-28,10.5
2015-01-29,78.0
2015-01-30,2.0
2015-01-31,0.0
2015-02-01,109.5
2015-02-02,15.5
2015-02-03,0.0
2015-02-04,61.0
2015-02-05,122.0
2015-02-06,20.0
2015-02-07,10.5
2015-02-08,14.5
2015-02-09,1.5
2015-02-10,22.5
2015-02-11,5.5
2015-02-12,17.5
2015-02-13,30.0
2015-02-14,0.0
2015-02-15,0.0
2015-02-16,3.0
2015-02-17,14.5
2015-02-18,43.5
2015-02-19,78.0
2015-02-20,4.0
2015-02-21,0.0
2015-02-22,0.0
2015-02-23,0.0
2015-02-24,1.5
2015-02-25,10.5
2015-02-26,0.0
2015-02-27,18.0
2015-02-28,0.0
2015-03-01,10.0
2015-03-02,32.5
2015-03-03,29.5
2015-03-04,0.0
2015-03-05,1.0
2015-03-06,0.0
2015-03-07,0.0
2015-03-08,0.0
2015-03-09,0.0
2015-03-10,0.0
2015-03-11,0.0
2015-03-12,9.0
2015-03-13,6.0
2015-03-14,1.0
2015-03-15,96.0
2015-03-16,45.0
2015-03-17,48.0
2015-03-18,1.5
2015-03-19,14.0
2015-03-20,16.5
2015-03-21,9.5
2015-03-22,1.0
2015-03-23,16.0
2015-03-24,21.0
2015-03-25,0.0
2015-03-26,25.0
2015-03-27,1.0
2015-03-28,8.5
2015-03-29,0.0
2015-03-30,0.0
2015-03-31,1.0
2015-04-01,5.0
2015-04-02,34.5
2015-04-03,1.0
2015-04-04,0.0
2015-04-05,94.0
2015-04-06,0.0
2015-04-07,6.5
2015-04-08,0.0
2015-04-09,3.0
2015-04-10,0.0
2015-04-11,0.0
2015-04-12,0.0
2015-04-13,33.0
2015-04-14,0.0
2015-04-15,67.5
2015-04-16,3.0
2015-04-17,7.0
2015-04-18,1.0
2015-04-19,4.0
2015-04-20,27.5
2015-04-21,0.0
2015-04-22,0.0
2015-04-23,1.5
2015-04-24,0.0
2015-04-25,0.0
2015-04-26,0.0
2015-04-27,2.0
2015-04-28,7.5
2015-04-29,0.0
2015-04-30,63.0
2015-05-01,0.0
2015-05-02,19.0
2015-05-03,5.0
2015-05-04,38.0
2015-05-05,5.0
2015-05-06,6.5
2015-05-07,0.0
2015-05-08,19.5
2015-05-09,0.0
2015-05-10,0.0
2015-05-11,0.0
2015-05-12,0.0
2015-05-13,0.0
2015-05-14,0.0
2015-05-15,0.0
2015-05-16,0.0
2015-05-17,0.0
2015-05-18,0.0
2015-05-19,0.0
2015-05-20,0.0
2015-05-21,0.0
2015-05-22,0.0
2015-05-23,0.0
2015-05-24,0.0
2015-05-25,0.0
2015-05-26,0.0
2015-05-27,0.0
2015-05-28,0.0
2015-05-29,0.0
2015-05-30,0.0
2015-05-31,0.0
2015-06-01,0.0
2015-06-02,0.0
2015-06-03,0.0
2015-06-04,0.0
2015-06-05,0.0
2015-06-06,0.0
2015-06-07,0.0
2015-06-08,0.0
2015-06-09,10.0
2015-06-10,75.0
2015-06-11,0.0
2015-06-12,0.0
2015-06-13,0.0
2015-06-14,0.0
2015-06-15,0.0
2015-06-16,0.0
2015-06-17,0.0
2015-06-18,0.0
2015-06-19,0.0
2015-06-20,0.0
2015-06-21,0.0
2015-06-22,0.0
2015-06-23,0.0
2015-06-24,0.0
2015-06-25,0.0
2015-06-26,0.0
2015-06-27,0.0
2015-06-28,0.0
2015-06-29,0.0
2015-06-30,0.0
2015-07-01,0.0
2015-07-02,0.0
2015-07-03,0.0
2015-07-04,0.0
2015-07-05,0.0
2015-07-06,0.0
2015-07-07,0.0
2015-07-08,0.0
2015-07-09,0.0
2015-07-10,0.0
2015-07-11,0.0
2015-07-12,0.0
2015-07-13,0.0
2015-07-14,0.0
2015-07-15,0.0
2015-07-16,0.0
2015-07-17,0.0
2015-07-18,0.0
2015-07-19,0.0
2015-07-20,0.0
2015-07-21,0.0
2015-07-22,0.0
2015-07-23,0.0
2015-07-24,0.0
2015-07-25,0.0
2015-07-26,0.0
2015-07-27,0.0
2015-07-28,0.0
2015-07-29,0.0
2015-07-30,0.0
2015-07-31,0.0
2015-08-01,0.0
2015-08-02,0.0
2015-08-03,0.0
2015-08-04,0.0
2015-08-05,0.0
2015-08-06,0.0
2015-08-07,0.0
2015-08-08,0.0
2015-08-09,0.0
2015-08-10,0.0
2015-08-11,0.0
2015-08-12,0.0
2015-08-13,0.0
2015-08-14,0.0
2015-08-15,0.0
2015-08-16,0.0
2015-08-17,0.0
2015-08-18,0.0
2015-08-19,0.0
2015-08-20,0.0
2015-08-21,0.0
2015-08-22,0.0
2015-08-23,0.0
2015-08-24,0.0
2015-08-25,0.0
2015-08-26,0.0
2015-08-27,0.0
2015-08-28,0.0
2015-08-29,0.0
2015-08-30,0.0
2015-08-31,0.0
2015-09-01,0.0
2015-09-02,0.0
2015-09-03,0.0
2015-09-04,0.0
2015-09-05,0.0
2015-09-06,0.0
2015-09-07,0.0
2015-09-08,0.0
2015-09-09,0.0
2015-09-10,0.0
2015-09-11,0.0
2015-09-12,0.0
2015-09-13,0.0
2015-09-14,0.0
2015-09-15,0.0
2015-09-16,0.0
2015-09-17,0.0
2015-09-18,0.0
2015-09-19,0.0
2015-09-20,0.0
2015-09-21,0.0
2015-09-22,0.0
2015-09-23,0.0
2015-09-24,0.0
2015-09-25,0.0
2015-09-26,0.0
2015-09-27,0.0
2015-09-28,0.0
2015-09-29,0.0
2015-09-30,0.0
2015-10-01,0.0
2015-10-02,0.0
2015-10-03,0.0
2015-10-04,0.0
2015-10-05,0.0
2015-10-06,0.0
2015-10-07,0.0
2015-10-08,3.0
2015-10-09,0.0
2015-10-10,0.0
2015-10-11,0.0
2015-10-12,0.0
2015-10-13,0.0
2015-10-14,0.0
2015-10-15,0.0
2015-10-16,0.0
2015-10-17,0.0
2015-10-18,0.0
2015-10-19,0.0
2015-10-20,0.0
2015-10-21,0.0
2015-10-22,0.0
2015-10-23,0.0
2015-10-24,0.0
2015-10-25,0.0
2015-10-26,0.0
2015-10-27,0.0
2015-10-28,0.0
2015-10-29,0.0
2015-10-30,0.0
2015-10-31,0.0
2015-11-01,0.0
2015-11-02,0.0
2015-11-03,0.0
2015-11-04,0.0
2015-11-05,4.0
2015-11-06,28.5
2015-11-07,0.0
2015-11-08,0.0
2015-11-09,3.0
2015-11-10,72.0
2015-11-11,55.0
2015-11-12,25.5
2015-11-13,9.0
2015-11-14,2.0
2015-11-15,0.0
2015-11-16,0.0
2015-11-17,0.0
2015-11-18,39.0
2015-11-19,0.0
2015-11-20,9.5
2015-11-21,0.0
2015-11-22,1.0
2015-11-23,6.0
2015-11-24,0.0
2015-11-25,0.0
2015-11-26,67.0
2015-11-27,27.0
2015-11-28,0.0
2015-11-29,7.5
2015-11-30,0.0
2015-12-01,0.0
2015-12-02,25.5
2015-12-03,7.5
2015-12-04,34.5
2015-12-05,9.5
2015-12-06,19.0
2015-12-07,1.0
2015-12-08,28.0
2015-12-09,56.5
2015-12-10,63.0
2015-12-11,45.5
2015-12-12,1.5
2015-12-13,10.0
2015-12-14,85.0
2015-12-15,19.5
2015-12-16,8.0
2015-12-17,76.5
2015-12-18,0.0
2015-12-19,0.0
2015-12-20,0.0
2015-12-21,0.0
2015-12-22,0.0
2015-12-23,0.0
2015-12-24,0.0
2015-12-25,0.0
2015-12-26,0.0
2015-12-27,24.5
2015-12-28,8.0
2015-12-29,5.0
2015-12-30,28.5
2015-12-31,1.5
2016-01-01,4.5
2016-01-02,34.5
2016-01-03,1.0
2016-01-04,15.0
2016-01-05,1.5
2016-01-06,19.5
2016-01-07,17.0
2016-01-08,0.0
2016-01-09,0.0
2016-01-10,4.5
2016-01-11,3.5
2016-01-12,0.0
2016-01-13,0.0
2016-01-14,36.0
2016-01-15,0.0
2016-01-16,0.0
2016-01-17,6.5
2016-01-18,8.0
2016-01-19,13.5
2016-01-20,18.5
2016-01-21,33.0
2016-01-22,31.5
2016-01-23,4.5
2016-01-24,0.0
2016-01-25,12.0
2016-01-26,0.0
2016-01-27,0.0
2016-01-28,0.0
2016-01-29,0.0
2016-01-30,0.0
2016-01-31,2.0
2016-02-01,0.0
2016-02-02,0.0
2016-02-03,24.5
2016-02-04,4.5
2016-02-05,0.0
2016-02-06,0.0
2016-02-07,50.0
2016-02-08,27.0
2016-02-09,87.0
2016-02-10,36.0
2016-02-11,22.5
2016-02-12,6.0
2016-02-13,11.0
2016-02-14,24.0
2016-02-15,15.0
2016-02-16,0.0
2016-02-17,5.0
2016-02-18,1.5
2016-02-19,0.0
2016-02-20,2.5
2016-02-21,6.5
2016-02-22,24.5
2016-02-23,27.5
2016-02-24,21.0
2016-02-25,0.0
2016-02-26,47.5
2016-02-27,108.0
2016-02-28,0.0
2016-02-29,0.0
2016-03-01,1.5
2016-03-02,1.0
2016-03-03,1.0
2016-03-04,0.0
2016-03-05,42.0
2016-03-06,64.5
2016-03-07,32.0
2016-03-08,64.0
2016-03-09,56.0
2016-03-10,42.0
2016-03-11,4.5
2016-03-12,3.0
2016-03-13,27.0
2016-03-14,30.0
2016-03-15,45.0
2016-03-16,12.0
2016-03-17,1.5
2016-03-18,36.0
2016-03-19,0.0
2016-03-20,6.5
2016-03-21,13.5
2016-03-22,0.0
2016-03-23,19.5
2016-03-24,24.0
2016-03-25,2.0
2016-03-26,27.0
2016-03-27,6.0
2016-03-28,1.0
2016-03-29,30.0
2016-03-30,13.0
2016-03-31,0.0
2016-04-01,1.0
2016-04-02,12.5
2016-04-03,4.5
2016-04-04,0.0
2016-04-05,0.0
2016-04-06,0.0
2016-04-07,0.0
2016-04-08,0.0
2016-04-09,1.5
2016-04-10,47.0
2016-04-11,0.0
2016-04-12,7.5
2016-04-13,58.5
2016-04-14,7.0
2016-04-15,2.5
2016-04-16,0.0
2016-04-17,1.5
2016-04-18,0.0
2016-04-19,37.0
2016-04-20,1.0
2016-04-21,0.0
2016-04-22,0.0
2016-04-23,0.0
2016-04-24,0.0
2016-04-25,0.0
2016-04-26,1.0
2016-04-27,0.0
2016-04-28,26.5
2016-04-29,1.0
2016-04-30,0.0
2016-05-01,0.0
2016-05-02,0.0
2016-05-03,2.0
2016-05-04,5.5
2016-05-05,0.0
2016-05-06,0.0
2016-05-07,1.5
2016-05-08,0.0
2016-05-09,1.0
2016-05-10,7.5
2016-05-11,0.0
2016-05-12,1.0
2016-05-13,2.5
2016-05-14,0.0
2016-05-15,0.0
2016-05-16,1.0
2016-05-17,0.0
2016-05-18,2.0
2016-05-19,0.0
2016-05-20,0.0
2016-05-21,0.0
2016-05-22,13.5
2016-05-23,2.5
2016-05-24,4.0
2016-05-25,0.0
2016-05-26,0.0
2016-05-27,0.0
2016-05-28,1.0
2016-05-29,0.0
2016-05-30,4.0
2016-05-31,1.5
2016-06-01,0.0
2016-06-02,2.0
2016-06-03,23.0
2016-06-04,0.0
2016-06-05,0.0
2016-06-06,17.0
2016-06-07,0.0
2016-06-08,29.0
2016-06-09,0.0
2016-06-10,0.0
2016-06-11,0.0
2016-06-12,0.0
2016-06-13,0.0
2016-06-14,0.0
2016-06-15,1.0
2016-06-16,0.0
2016-06-17,0.0
2016-06-18,20.0
2016-06-19,11.0
2016-06-20,0.0
2016-06-21,0.0
2016-06-22,0.0
2016-06-23,0.0
2016-06-24,0.0
2016-06-25,0.0
2016-06-26,0.0
2016-06-27,0.0
2016-06-28,2.0
2016-06-29,0.0
2016-06-30,4.0
2016-07-01,2.0
2016-07-02,27.0
2016-07-03,0.0
2016-07-04,0.0
2016-07-05,0.0
2016-07-06,0.0
2016-07-07,0.0
2016-07-08,0.0
2016-07-09,0.0
2016-07-10,0.0
2016-07-11,0.0
2016-07-12,47.0
2016-07-13,50.0
2016-07-14,0.0
2016-07-15,0.0
2016-07-16,0.0
2016-07-17,19.0
2016-07-18,0.0
2016-07-19,0.0
2016-07-20,8.0
2016-07-21,0.0
2016-07-22,4.5
2016-07-23,14.5
2016-07-24,21.0
2016-07-25,0.0
2016-07-26,0.0
2016-07-27,0.0
2016-07-28,0.0
2016-07-29,1.0
2016-07-30,0.0
2016-07-31,0.0
2016-08-01,0.0
2016-08-02,0.0
2016-08-03,0.0
2016-08-04,0.0
2016-08-05,0.0
2016-08-06,0.0
2016-08-07,0.0
2016-08-08,0.0
2016-08-09,2.0
2016-08-10,0.0
2016-08-11,0.0
2016-08-12,0.0
2016-08-13,5.0
2016-08-14,2.0
2016-08-15,0.0
2016-08-16,0.0
2016-08-17,0.0
2016-08-18,2.0
2016-08-19,0.0
2016-08-20,0.0
2016-08-21,0.0
2016-08-22,0.0
2016-08-23,0.0
2016-08-24,0.0
2016-08-25,3.0
2016-08-26,0.0
2016-08-27,0.0
2016-08-28,2.5
2016-08-29,3.0
2016-08-30,15.0
2016-08-31,1.0
2016-09-01,2.0
2016-09-02,0.0
2016-09-03,0.0
2016-09-04,0.0
2016-09-05,1.5
2016-09-06,0.0
2016-09-07,0.0
2016-09-08,1.0
2016-09-09,0.0
2016-09-10,3.5
2016-09-11,0.0
2016-09-12,0.0
2016-09-13,0.0
2016-09-14,0.0
2016-09-15,26.0
2016-09-16,1.0
2016-09-17,10.5
2016-09-18,3.0
2016-09-19,7.5
2016-09-20,9.5
2016-09-21,15.0
2016-09-22,8.5
2016-09-23,4.0
2016-09-24,47.0
2016-09-25,2.0
2016-09-26,23.0
2016-09-27,0.0
2016-09-28,3.4
2016-09-29,0.0
2016-09-30,0.0
2016-10-01,10.5
2016-10-02,9.5
2016-10-03,20.5
2016-10-04,0.0
2016-10-05,28.0
2016-10-06,57.0
2016-10-07,19.5
2016-10-08,0.0
2016-10-09,6.5
2016-10-10,26.5
2016-10-11,1.0
2016-10-12,3.0
2016-10-13,4.5
2016-10-14,0.0
2016-10-15,13.0
2016-10-16,0.0
2016-10-17,0.0
2016-10-18,0.0
2016-10-19,0.0
2016-10-20,0.0
2016-10-21,36.5
2016-10-22,0.0
2016-10-23,10.0
2016-10-24,12.5
2016-10-25,9.5
2016-10-26,30.5
2016-10-27,11.0
2016-10-28,22.0
2016-10-29,11.0
2016-10-30,4.0
2016-10-31,13.0
2016-11-01,35.5
2016-11-02,13.0
2016-11-03,14.5
2016-11-04,6.5
2016-11-05,0.0
2016-11-06,15.0
2016-11-07,0.0
2016-11-08,4.0
2016-11-09,10.5
2016-11-10,28.5
2016-11-11,10.0
2016-11-12,16.0
2016-11-13,0.0
2016-11-14,34.0
2016-11-15,4.0
2016-11-16,1.5
2016-11-17,1.0
2016-11-18,0.0
2016-11-19,2.0
2016-11-20,1.5
2016-11-21,0.0
2016-11-22,7.5
2016-11-23,1.0
2016-11-24,10.5
2016-11-25,6.0
2016-11-26,4.0
2016-11-27,17.5
2016-11-28,6.5
2016-11-29,4.5
2016-11-30,2.5
2016-12-01,4.5
2016-12-02,0.0
2016-12-03,3.5
2016-12-04,0.0
2016-12-05,29.0
2016-12-06,22.5
2016-12-07,1.0
2016-12-08,0.0
2016-12-09,11.0
2016-12-10,43.5
2016-12-11,0.0
2016-12-12,20.0
2016-12-13,51.0
2016-12-14,0.0
2016-12-15,13.5
2016-12-16,1.0
2016-12-17,0.0
2016-12-18,0.0
2016-12-19,0.0
2016-12-20,0.0
2016-12-21,0.0
2016-12-22,0.0
2016-12-23,0.0
2016-12-24,0.0
2016-12-25,0.0
2016-12-26,1.0
2016-12-27,2.0
2016-12-28,0.0
2016-12-29,0.0
2016-12-30,0.0
2016-12-31,0.0
2017-01-01,0.0
2017-01-02,2.0
2017-01-03,5.0
2017-01-04,0.0
2017-01-05,22.5
2017-01-06,0.0
2017-01-07,0.0
2017-01-08,0.0
2017-01-09,0.0
2017-01-10,0.0
2017-01-11,0.0
2017-01-12,0.0
2017-01-13,7.0
2017-01-14,0.0
2017-01-15,19.0
2017-01-16,0.0
2017-01-17,12.0
2017-01-18,0.0
2017-01-19,0.0
2017-01-20,3.0
2017-01-21,13.0
2017-01-22,34.0
2017-01-23,4.5
2017-01-24,3.5
2017-01-25,0.0
2017-01-26,0.0
2017-01-27,0.0
2017-01-28,0.0
2017-01-29,2.5
2017-01-30,0.0
2017-01-31,2.5
2017-02-01,2.5
2017-02-02,0.0
2017-02-03,0.0
2017-02-04,3.0
2017-02-05,0.0
2017-02-06,0.0
2017-02-07,2.0
2017-02-08,0.0
2017-02-09,24.0
2017-02-10,3.0
2017-02-11,2.0
2017-02-12,0.0
2017-02-13,6.0
2017-02-14,1.0
2017-02-15,0.0
2017-02-16,0.0
2017-02-17,0.0
2017-02-18,0.0
2017-02-19,0.0
2017-02-20,0.0
2017-02-21,8.0
2017-02-22,7.5
2017-02-23,0.0
2017-02-24,40.5
2017-02-25,10.0
2017-02-26,0.0
2017-02-27,4.0
2017-02-28,5.0
2017-03-01,40.0
2017-03-02,3.0
2017-03-03,0.0
2017-03-04,2.0
2017-03-05,0.0
2017-03-06,12.5
2017-03-07,26.0
2017-03-08,4.0
2017-03-09,0.0
2017-03-10,4.0
2017-03-11,7.5
2017-03-12,1.5
2017-03-13,0.0
2017-03-14,0.0
2017-03-15,14.0
2017-03-16,0.0
2017-03-17,36.0
2017-03-18,7.5
2017-03-19,31.5
2017-03-20,0.0
2017-03-21,0.0
2017-03-22,0.0
2017-03-23,0.0
2017-03-24,0.0
2017-03-25,0.0
2017-03-26,8.0
2017-03-27,18.5
2017-03-28,5.5
2017-03-29,0.0
2017-03-30,26.0
2017-03-31,0.0
2017-04-01,3.5
2017-04-02,7.5
2017-04-03,0.0
2017-04-04,3.5
2017-04-05,10.0
2017-04-06,11.0
2017-04-07,0.0
2017-04-08,0.0
2017-04-09,41.0
2017-04-10,0.0
2017-04-11,3.5
2017-04-12,0.0
2017-04-13,0.0
2017-04-14,0.0
2017-04-15,0.0
2017-04-16,2.5
2017-04-17,9.5
2017-04-18,22.0
2017-04-19,0.0
2017-04-20,2.0
2017-04-21,0.0
2017-04-22,46.0
2017-04-23,0.0
2017-04-24,0.0
2017-04-25,0.0
2017-04-26,11.5
2017-04-27,4.5
2017-04-28,19.5
2017-04-29,0.0
2017-04-30,0.0
2017-05-01,0.0
2017-05-02,0.0
2017-05-03,0.0
2017-05-04,7.0
2017-05-05,0.0
2017-05-06,0.0
2017-05-07,0.0
2017-05-08,3.5
2017-05-09,1.5
2017-05-10,0.0
2017-05-11,0.0
2017-05-12,0.0
2017-05-13,0.0
2017-05-14,0.0
2017-05-15,0.0
2017-05-16,0.0
2017-05-17,0.0
2017-05-18,0.0
2017-05-19,0.0
2017-05-20,0.0
2017-05-21,0.0
2017-05-22,0.0
2017-05-23,0.0
2017-05-24,0.0
2017-05-25,0.0
2017-05-26,0.0
2017-05-27,0.0
2017-05-28,10.0
2017-05-29,0.0
2017-05-30,0.0
2017-05-31,0.0
2017-06-01,0.0
2017-06-02,0.0
2017-06-03,0.0
2017-06-04,0.0
2017-06-05,0.0
2017-06-06,0.0
2017-06-07,0.0
2017-06-08,0.0
2017-06-09,0.0
2017-06-10,0.0
2017-06-11,0.0
2017-06-12,0.0
2017-06-13,0.0
2017-06-14,0.0
2017-06-15,0.0
2017-06-16,0.0
2017-06-17,0.0
2017-06-18,0.0
2017-06-19,0.0
2017-06-20,0.0
2017-06-21,0.0
2017-06-22,0.0
2017-06-23,0.0
2017-06-24,0.0
2017-06-25,0.0
2017-06-26,0.0
2017-06-27,0.0
2017-06-28,0.0
2017-06-29,0.0
2017-06-30,0.0
2017-07-01,0.0
2017-07-02,0.0
2017-07-03,0.0
2017-07-04,0.0
2017-07-05,0.0
2017-07-06,0.0
2017-07-07,0.0
2017-07-08,0.0
2017-07-09,0.0
2017-07-10,0.0
2017-07-11,0.0
2017-07-12,0.0
2017-07-13,0.0
2017-07-14,0.0
2017-07-15,0.0
2017-07-16,0.0
2017-07-17,0.0
2017-07-18,3.0
2017-07-19,4.0
2017-07-20,0.0
2017-07-21,0.0
2017-07-22,0.0
2017-07-23,0.0
2017-07-24,0.0
2017-07-25,0.0
2017-07-26,0.0
2017-07-27,0.0
2017-07-28,0.0
2017-07-29,0.0
2017-07-30,0.0
2017-07-31,0.0
2017-08-01,0.0
2017-08-02,0.0
2017-08-03,0.0
2017-08-04,0.0
2017-08-05,0.0
2017-08-06,0.0
2017-08-07,0.0
2017-08-08,0.0
2017-08-09,0.0
2017-08-10,0.0
2017-08-11,0.0
2017-08-12,0.0
2017-08-13,0.0
2017-08-14,0.0
2017-08-15,0.0
2017-08-16,0.0
2017-08-17,0.0
2017-08-18,0.0
2017-08-19,0.0
2017-08-20,0.0
2017-08-21,0.0
2017-08-22,0.0
2017-08-23,0.0
2017-08-24,0.0
2017-08-25,0.0
2017-08-26,0.0
2017-08-27,0.0
2017-08-28,0.0
2017-08-29,0.0
2017-08-30,0.0
2017-08-31,0.0
2017-09-01,0.0
2017-09-02,0.0
2017-09-03,0.0
2017-09-04,0.0
2017-09-05,0.0
2017-09-06,0.0
2017-09-07,0.0
2017-09-08,0.0
2017-09-09,0.0
2017-09-10,0.0
2017-09-11,0.0
2017-09-12,0.0
2017-09-13,0.0
2017-09-14,0.0
2017-09-15,0.0
2017-09-16,0.0
2017-09-17,0.0
2017-09-18,0.0
2017-09-19,0.0
2017-09-20,0.0
2017-09-21,0.0
2017-09-22,0.0
2017-09-23,0.0
2017-09-24,0.0
2017-09-25,0.0
2017-09-26,13.0
2017-09-27,17.0
2017-09-28,0.0
2017-09-29,2.5
2017-09-30,8.0
2017-10-01,0.0
2017-10-02,0.0
2017-10-03,0.0
2017-10-04,0.0
2017-10-05,0.0
2017-10-06,0.0
2017-10-07,0.0
2017-10-08,0.0
2017-10-09,0.0
2017-10-10,7.0
2017-10-11,8.0
2017-10-12,0.0
2017-10-13,0.0
2017-10-14,0.0
2017-10-15,0.0
2017-10-16,45.5
2017-10-17,0.0
2017-10-18,0.0
2017-10-19,5.0
2017-10-20,0.0
2017-10-21,0.0
2017-10-22,0.0
2017-10-23,0.0
2017-10-24,0.0
2017-10-25,28.5
2017-10-26,6.5
2017-10-27,0.0
2017-10-28,0.0
2017-10-29,0.0
2017-10-30,0.0
2017-10-31,0.0
2017-11-01,0.0
2017-11-02,0.0
2017-11-03,0.0
2017-11-04,20.0
2017-11-05,1.5
2017-11-06,26.0
2017-11-07,31.5
2017-11-08,5.5
2017-11-09,34.5
2017-11-10,2.5
2017-11-11,1.5
2017-11-12,7.0
2017-11-13,50.0
2017-11-14,54.5
2017-11-15,0.5
2017-11-16,11.0
2017-11-17,32.5
2017-11-18,0.0
2017-11-19,65.0
2017-11-20,9.5
2017-11-21,23.0
2017-11-22,4.0
2017-11-23,0.0
2017-11-24,0.0
2017-11-25,0.0
2017-11-26,5.0
2017-11-27,33.0
2017-11-28,0.0
2017-11-29,2.0
2017-11-30,4.0
2017-12-01,0.0
2017-12-02,0.0
2017-12-03,0.0
2017-12-04,4.5
2017-12-05,0.0
2017-12-06,20.5
2017-12-07,25.0
2017-12-08,4.5
2017-12-09,0.0
2017-12-10,0.0
2017-12-11,0.0
2017-12-12,0.0
2017-12-13,19.5
2017-12-14,1.5
2017-12-15,32.5
2017-12-16,5.0
2017-12-17,27.5
2017-12-18,5.0
2017-12-19,0.0
2017-12-20,3.5
2017-12-21,0.0
2017-12-22,0.0
2017-12-23,0.0
2017-12-24,0.0
2017-12-25,0.0
2017-12-26,0.0
2017-12-27,0.0
2017-12-28,0.0
2017-12-29,0.0
2017-12-30,20.0
2017-12-31,0.0
2018-01-01,0.0
2018-01-02,5.0
2018-01-03,8.0
2018-01-04,18.0
2018-01-05,7.0
2018-01-06,13.0
2018-01-07,1.5
2018-01-08,5.0
2018-01-09,0.0
2018-01-10,0.0
2018-01-11,24.0
2018-01-12,0.0
2018-01-13,0.0
2018-01-14,1.0
2018-01-15,1.5
2018-01-16,5.0
2018-01-17,0.0
2018-01-18,0.0
2018-01-19,0.0
2018-01-20,0.0
2018-01-21,0.0
2018-01-22,5.0
2018-01-23,2.5
2018-01-24,0.0
2018-01-25,5.0
2018-01-26,1.0
2018-01-27,1.5
2018-01-28,5.0
2018-01-29,2.0
2018-01-30,0.0
2018-01-31,0.0
2018-02-01,0.0
2018-02-02,0.0
2018-02-03,0.0
2018-02-04,4.0
2018-02-05,0.0
2018-02-06,6.0
2018-02-07,0.0
2018-02-08,0.0
2018-02-09,0.0
2018-02-10,0.0
2018-02-11,2.0
2018-02-12,0.0
2018-02-13,1.5
2018-02-14,1.0
2018-02-15,0.0
2018-02-16,9.0
2018-02-17,0.0
2018-02-18,0.0
2018-02-19,6.0
2018-02-20,33.0
2018-02-21,31.5
2018-02-22,14.5
2018-02-23,35.5
2018-02-24,0.0
2018-02-25,30.0
2018-02-26,37.0
2018-02-27,5.5
2018-02-28,58.0
2018-03-01,39.5
2018-03-02,2.0
2018-03-03,10.5
2018-03-04,5.0
2018-03-05,9.0
2018-03-06,1.0
2018-03-07,1.5
2018-03-08,19.5
2018-03-09,36.5
2018-03-10,38.5
2018-03-11,2.5
2018-03-12,38.0
2018-03-13,53.5
2018-03-14,0.0
2018-03-15,0.0
2018-03-16,0.0
2018-03-17,24.0
2018-03-18,6.0
2018-03-19,2.5
2018-03-20,5.5
2018-03-21,4.0
2018-03-22,2.0
2018-03-23,0.0
2018-03-24,31.5
2018-03-25,10.5
2018-03-26,0.0
2018-03-27,0.0
2018-03-28,8.0
2018-03-29,0.0
2018-03-30,16.5
2018-03-31,7.5
2018-04-01,0.0
2018-04-02,0.0
2018-04-03,40.5
2018-04-04,39.5
2018-04-05,0.0
2018-04-06,6.5
2018-04-07,0.0
2018-04-08,33.0
2018-04-09,3.5
2018-04-10,1.0
2018-04-11,0.0
2018-04-12,0.0
2018-04-13,0.0
2018-04-14,0.0
2018-04-15,0.0
2018-04-16,0.0
2018-04-17,0.0
2018-04-18,14.0
2018-04-19,0.0
2018-04-20,22.0
2018-04-21,0.0
2018-04-22,12.0
2018-04-23,7.5
2018-04-24,0.0
2018-04-25,0.0
2018-04-26,13.0
2018-04-27,3.5
2018-04-28,0.0
2018-04-29,0.0
2018-04-30,0.0
2018-05-01,0.0
2018-05-02,0.0
2018-05-03,2.5
2018-05-04,0.0
2018-05-05,0.0
2018-05-06,0.0
2018-05-07,0.0
2018-05-08,0.0
2018-05-09,0.0
2018-05-10,0.0
2018-05-11,0.0
2018-05-12,0.0
2018-05-13,0.0
2018-05-14,0.0
2018-05-15,0.0
2018-05-16,0.0
2018-05-17,0.0
2018-05-18,0.0
2018-05-19,0.0
2018-05-20,0.0
2018-05-21,0.0
2018-05-22,0.0
2018-05-23,0.0
2018-05-24,0.0
2018-05-25,0.0
2018-05-26,1.5
2018-05-27,5.0
2018-05-28,0.0
2018-05-29,0.0
2018-05-30,0.0
2018-05-31,0.0
2018-06-01,0.0
2018-06-02,0.0
2018-06-03,0.0
2018-06-04,0.0
2018-06-05,0.0
2018-06-06,0.0
2018-06-07,0.0
2018-06-08,0.0
2018-06-09,0.0
2018-06-10,0.0
2018-06-11,0.0
2018-06-12,0.0
2018-06-13,0.0
2018-06-14,0.0
2018-06-15,0.0
2018-06-16,0.0
2018-06-17,0.0
2018-06-18,0.0
2018-06-19,0.0
2018-06-20,8.0
2018-06-21,0.0
2018-06-22,0.0
2018-06-23,0.0
2018-06-24,0.0
2018-06-25,0.0
2018-06-26,0.0
2018-06-27,0.0
2018-06-28,0.0
2018-06-29,0.0
2018-06-30,0.0
2018-07-01,0.0
2018-07-02,0.0
2018-07-03,0.0
2018-07-04,0.0
2018-07-05,0.0
2018-07-06,0.0
2018-07-07,0.0
2018-07-08,0.0
2018-07-09,0.0
2018-07-10,0.0
2018-07-11,0.0
2018-07-12,0.0
2018-07-13,0.0
2018-07-14,0.0
2018-07-15,0.0
2018-07-16,0.0
2018-07-17,0.0
2018-07-18,0.0
2018-07-19,0.0
2018-07-20,0.0
2018-07-21,0.0
2018-07-22,0.0
2018-07-23,0.0
2018-07-24,0.0
2018-07-25,0.0
2018-07-26,0.0
2018-07-27,0.0
2018-07-28,0.0
2018-07-29,0.0
2018-07-30,0.0
2018-07-31,0.0
2018-08-01,0.0
2018-08-02,0.0
2018-08-03,0.0
2018-08-04,0.0
2018-08-05,0.0
2018-08-06,0.0
2018-08-07,0.0
2018-08-08,0.0
2018-08-09,2.0
2018-08-10,0.0
2018-08-11,0.0
2018-08-12,0.0
2018-08-13,5.0
2018-08-14,2.0
2018-08-15,0.0
2018-08-16,0.0
2018-08-17,0.0
2018-08-18,2.0
2018-08-19,0.0
2018-08-20,0.0
2018-08-21,0.0
2018-08-22,0.0
2018-08-23,0.0
2018-08-24,0.0
2018-08-25,3.0
2018-08-26,0.0
2018-08-27,0.0
2018-08-28,0.0
2018-08-29,0.0
2018-08-30,0.0
2018-08-31,1.0
2018-09-01,0.0
2018-09-02,0.0
2018-09-03,0.5
2018-09-04,0.0
2018-09-05,0.0
2018-09-06,0.0
2018-09-07,0.0
2018-09-08,0.0
2018-09-09,0.0
2018-09-10,0.0
2018-09-11,0.0
2018-09-12,0.0
2018-09-13,0.0
2018-09-14,0.0
2018-09-15,0.0
2018-09-16,0.0
2018-09-17,0.0
2018-09-18,3.0
2018-09-19,0.0
2018-09-20,0.0
2018-09-21,0.0
2018-09-22,1.0
2018-09-23,0.0
2018-09-24,0.0
2018-09-25,0.0
2018-09-26,0.0
2018-09-27,0.0
2018-09-28,0.0
2018-09-29,0.0
2018-09-30,0.0
2018-10-01,0.0
2018-10-02,0.0
2018-10-03,0.0
2018-10-04,0.0
2018-10-05,0.0
2018-10-06,0.0
2018-10-07,0.0
2018-10-08,0.0
2018-10-09,0.0
2018-10-10,0.0
2018-10-11,0.0
2018-10-12,0.0
2018-10-13,0.0
2018-10-14,0.0
2018-10-15,0.0
2018-10-16,0.0
2018-10-17,0.0
2018-10-18,0.0
2018-10-19,0.0
2018-10-20,0.0
2018-10-21,0.0
2018-10-22,0.0
2018-10-23,0.0
2018-10-24,24.5
2018-10-25,0.0
2018-10-26,0.0
2018-10-27,0.0
2018-10-28,0.0
2018-10-29,0.0
2018-10-30,0.0
2018-10-31,13.5
2018-11-01,0.0
2018-11-02,0.0
2018-11-03,0.0
2018-11-04,0.0
2018-11-05,0.0
2018-11-06,0.0
2018-11-07,0.0
2018-11-08,0.0
2018-11-09,0.0
2018-11-10,0.0
2018-11-11,0.0
2018-11-12,0.0
2018-11-13,0.0
2018-11-14,0.0
2018-11-15,0.0
2018-11-16,0.0
2018-11-17,0.0
2018-11-18,0.0
2018-11-19,0.0
2018-11-20,0.0
2018-11-21,0.0
2018-11-22,0.0
2018-11-23,0.0
2018-11-24,0.0
2018-11-25,0.0
2018-11-26,0.0
2018-11-27,0.0
2018-11-28,0.0
2018-11-29,0.0
2018-11-30,0.0
2018-12-01,0.0
2018-12-02,0.0
2018-12-03,0.0
2018-12-04,0.0
2018-12-05,0.0
2018-12-06,0.0
2018-12-07,0.0
2018-12-08,0.0
2018-12-09,0.0
2018-12-10,0.0
2018-12-11,0.0
2018-12-12,0.0
2018-12-13,0.0
2018-12-14,0.0
2018-12-15,0.0
2018-12-16,0.0
2018-12-17,0.0
2018-12-18,0.0
2018-12-19,0.0
2018-12-20,0.0
2018-12-21,0.0
2018-12-22,0.0
2018-12-23,0.0
2018-12-24,0.0
2018-12-25,0.0
2018-12-26,0.0
2018-12-27,0.0
2018-12-28,0.0
2018-12-29,0.0
2018-12-30,0.0
2018-12-31,0.0
2019-01-01,0.0
2019-01-02,0.0
2019-01-03,0.0
2019-01-04,0.0
2019-01-05,0.0
2019-01-06,6.5
2019-01-07,0.0
2019-01-08,4.5
2019-01-09,0.0
2019-01-10,2.5
2019-01-11,0.0
2019-01-12,0.0
2019-01-13,2.0
2019-01-14,11.0
2019-01-15,1.0
2019-01-16,1.5
2019-01-17,0.0
2019-01-18,4.5
2019-01-19,2.5
2019-01-20,0.0
2019-01-21,4.5
2019-01-22,1.0
2019-01-23,3.5
2019-01-24,0.0
2019-01-25,4.0
2019-01-26,0.0
2019-01-27,1.0
2019-01-28,0.0
2019-01-29,0.0
2019-01-30,0.0
2019-01-31,0.0
2019-02-01,0.0
2019-02-02,8.5
2019-02-03,38.5
2019-02-04,8.0
2019-02-05,4.5
2019-02-06,2.0
2019-02-07,1.0
2019-02-08,16.5
2019-02-09,52.5
2019-02-10,18.5
2019-02-11,41.5
2019-02-12,27.5
2019-02-13,12.0
2019-02-14,0.0
2019-02-15,23.5
2019-02-16,0.0
2019-02-17,6.0
2019-02-18,2.0
2019-02-19,0.0
2019-02-20,5.0
2019-02-21,11.0
2019-02-22,7.0
2019-02-23,5.5
2019-02-24,32.0
2019-02-25,4.5
2019-02-26,0.0
2019-02-27,1.5
2019-02-28,0.0
2019-03-01,2.0
2019-03-02,7.5
2019-03-03,21.0
2019-03-04,0.0
2019-03-05,0.0
2019-03-06,75.5
2019-03-07,13.0
2019-03-08,0.0
2019-03-09,0.0
2019-03-10,0.0
2019-03-11,0.0
2019-03-12,20.5
2019-03-13,0.0
2019-03-14,0.0
2019-03-15,0.0
2019-03-16,1.0
2019-03-17,0.0
2019-03-18,2.0
2019-03-19,0.0
2019-03-20,20.5
2019-03-21,0.0
2019-03-22,1.5
2019-03-23,0.0
2019-03-24,0.0
2019-03-25,0.0
2019-03-26,0.0
2019-03-27,69.0
2019-03-28,8.5
2019-03-29,1.0
2019-03-30,6.5
2019-03-31,2.5
2019-04-01,10.0
2019-04-02,34.5
2019-04-03,13.5
2019-04-04,9.5
2019-04-05,2.0
2019-04-06,2.5
2019-04-07,3.0
2019-04-08,64.5
2019-04-09,4.5
2019-04-10,1.0
2019-04-11,0.0
2019-04-12,7.0
2019-04-13,83.0
2019-04-14,15.0
2019-04-15,51.5
2019-04-16,51.0
2019-04-17,0.0
2019-04-18,7.0
2019-04-19,36.5
2019-04-20,0.0
2019-04-21,0.0
2019-04-22,0.0
2019-04-23,0.0
2019-04-24,3.0
2019-04-25,0.0
2019-04-26,1.0
2019-04-27,0.0
2019-04-28,0.0
2019-04-29,0.0
2019-04-30,1.5
2019-05-01,51.5
2019-05-02,16.0
2019-05-03,14.0
2019-05-04,0.0
2019-05-05,0.0
2019-05-06,0.0
2019-05-07,0.0
2019-05-08,0.0
2019-05-09,1.0
2019-05-10,0.0
2019-05-11,0.0
2019-05-12,0.0
2019-05-13,0.0
2019-05-14,0.0
2019-05-15,0.0
2019-05-16,18.5
2019-05-17,0.0
2019-05-18,0.0
2019-05-19,0.0
2019-05-20,0.0
2019-05-21,0.0
2019-05-22,0.0
2019-05-23,0.0
2019-05-24,0.0
2019-05-25,0.0
2019-05-26,0.0
2019-05-27,0.0
2019-05-28,0.0
2019-05-29,0.0
2019-05-30,0.0
2019-05-31,0.0
2019-06-01,0.0
2019-06-02,0.0
2019-06-03,0.0
2019-06-04,0.0
2019-06-05,0.0
2019-06-06,0.0
2019-06-07,0.0
2019-06-08,0.0
2019-06-09,0.0
2019-06-10,0.0
2019-06-11,0.0
2019-06-12,0.0
2019-06-13,0.0
2019-06-14,0.0
2019-06-15,0.0
2019-06-16,0.0
2019-06-17,0.0
2019-06-18,0.0
2019-06-19,0.0
2019-06-20,0.0
2019-06-21,0.0
2019-06-22,0.0
2019-06-23,0.0
2019-06-24,0.0
2019-06-25,0.0
2019-06-26,0.0
2019-06-27,0.0
2019-06-28,0.0
2019-06-29,0.0
2019-06-30,0.0
2019-07-01,0.0
2019-07-02,0.0
2019-07-03,0.0
2019-07-04,0.0
2019-07-05,0.0
2019-07-06,0.0
2019-07-07,0.0
2019-07-08,0.0
2019-07-09,0.0
2019-07-10,0.0
2019-07-11,0.0
2019-07-12,0.0
2019-07-13,0.0
2019-07-14,0.0
2019-07-15,0.0
2019-07-16,0.0
2019-07-17,0.0
2019-07-18,0.0
2019-07-19,0.0
2019-07-20,0.0
2019-07-21,0.0
2019-07-22,0.0
2019-07-23,0.0
2019-07-24,0.0
2019-07-25,0.0
2019-07-26,0.0
2019-07-27,0.0
2019-07-28,0.0
2019-07-29,0.0
2019-07-30,0.0
2019-07-31,0.0
2019-08-01,0.0
2019-08-02,0.0
2019-08-03,0.0
2019-08-04,0.0
2019-08-05,0.0
2019-08-06,0.0
2019-08-07,0.0
2019-08-08,0.0
2019-08-09,0.0
2019-08-10,0.0
2019-08-11,0.0
2019-08-12,0.0
2019-08-13,0.0
2019-08-14,0.0
2019-08-15,0.0
2019-08-16,0.0
2019-08-17,0.0
2019-08-18,0.0
2019-08-19,0.0
2019-08-20,0.0
2019-08-21,0.0
2019-08-22,0.0
2019-08-23,0.0
2019-08-24,0.0
2019-08-25,0.0
2019-08-26,0.0
2019-08-27,0.0
2019-08-28,0.0
2019-08-29,0.0
2019-08-30,0.0
2019-08-31,0.0
2019-09-01,0.0
2019-09-02,0.0
2019-09-03,0.0
2019-09-04,0.0
2019-09-05,0.0
2019-09-06,0.0
2019-09-07,0.0
2019-09-08,0.0
2019-09-09,0.0
2019-09-10,0.0
2019-09-11,0.0
2019-09-12,0.0
2019-09-13,0.0
2019-09-14,0.0
2019-09-15,0.0
2019-09-16,0.0
2019-09-17,0.0
2019-09-18,0.0
2019-09-19,0.0
2019-09-20,0.0
2019-09-21,0.0
2019-09-22,0.0
2019-09-23,0.0
2019-09-24,0.0
2019-09-25,0.0
2019-09-26,0.0
2019-09-27,0.0
2019-09-28,0.0
2019-09-29,0.0
2019-09-30,0.0
2019-10-01,0.0
2019-10-02,0.0
2019-10-03,0.0
2019-10-04,0.0
2019-10-05,0.0
2019-10-06,0.0
2019-10-07,0.0
2019-10-08,0.0
2019-10-09,0.0
2019-10-10,0.0
2019-10-11,0.0
2019-10-12,0.0
2019-10-13,0.0
2019-10-14,0.0
2019-10-15,0.0
2019-10-16,0.0
2019-10-17,0.0
2019-10-18,0.0
2019-10-19,0.0
2019-10-20,0.0
2019-10-21,0.0
2019-10-22,0.0
2019-10-23,0.0
2019-10-24,0.0
2019-10-25,0.0
2019-10-26,0.0
2019-10-27,14.0
2019-10-28,0.0
2019-10-29,0.0
2019-10-30,3.0
2019-10-31,0.0
2019-11-01,0.0
2019-11-02,0.0
2019-11-03,0.0
2019-11-04,0.0
2019-11-05,3.0
2019-11-06,0.0
2019-11-07,0.0
2019-11-08,0.0
2019-11-09,34.5
2019-11-10,0.0
2019-11-11,0.0
2019-11-12,0.0
2019-11-13,0.0
2019-11-14,0.0
2019-11-15,0.0
2019-11-16,0.0
2019-11-17,0.0
2019-11-18,0.0
2019-11-19,0.0
2019-11-20,0.0
2019-11-21,0.0
2019-11-22,3.5
2019-11-23,5.0
2019-11-24,2.5
2019-11-25,0.0
2019-11-26,0.0
2019-11-27,0.0
2019-11-28,0.0
2019-11-29,0.0
2019-11-30,0.0
2019-12-01,2.5
2019-12-02,0.0
2019-12-03,0.0
2019-12-04,0.0
2019-12-05,0.0
2019-12-06,0.0
2019-12-07,9.5
2019-12-08,0.0
2019-12-09,0.0
2019-12-10,2.5
2019-12-11,0.0
2019-12-12,47.0
2019-12-13,0.0
2019-12-14,0.0
2019-12-15,7.0
2019-12-16,0.0
2019-12-17,7.0
2019-12-18,29.5
2019-12-19,0.0
2019-12-20,0.0
2019-12-21,0.0
2019-12-22,2.5
2019-12-23,13.5
2019-12-24,0.0
2019-12-25,2.5
2019-12-26,5.5
2019-12-27,3.5
2019-12-28,0.0
2019-12-29,0.0
2019-12-30,0.0
2019-12-31,61.0
